{"count":1,"self":22.577060799999998,"total":23.0510083,"children":{"AgentSendState":{"count":914,"self":0.030873099999999997,"total":0.052818899999999995,"children":{"CollectObservations":{"count":366,"self":0.0019565999999999997,"total":0.0019565999999999997,"children":null},"CollectDiscreteActionMasks":{"count":366,"self":0.0029657999999999998,"total":0.0029657999999999998,"children":null},"RayPerceptionSensor.Perceive":{"count":366,"self":0.017023399999999998,"total":0.017023399999999998,"children":null}}},"DecideAction":{"count":914,"self":0.3970026,"total":0.4060492,"children":{"RayPerceptionSensor.Perceive":{"count":366,"self":0.0090466,"total":0.0090466,"children":null}}},"AgentAct":{"count":914,"self":0.014081999999999999,"total":0.014081999999999999,"children":null}},"gauges":{},"metadata":{"timer_format_version":"0.1.0","start_time_seconds":"1590678525","unity_version":"2019.3.0f6","command_line_arguments":"C:\\Program Files\\Unity\\Hub\\Editor\\2019.3.0f6\\Editor\\Unity.exe -projectpath C:\/Dev\/unity-ml-agents-creature -useHub -hubIPC -cloudEnvironment production -hubSessionId 8083df40-a0cc-11ea-b4a8-45950c3fffca","communication_protocol_version":"1.0.0","com.unity.ml-agents_version":"1.0.2-preview","scene_name":"CreatureAcademy","end_time_seconds":"1590678548"}}